[
  {
    "id": "c8532916-bbf1-49c1-9d44-57a0863e4548",
    "data": [
      {
        "text": "of course",
        "userDefined": false
      }
    ],
    "isTemplate": false,
    "count": 0,
    "updated": 1541873013
  },
  {
    "id": "17de500f-b786-49f4-9300-e16f2fa121b8",
    "data": [
      {
        "text": "why not",
        "userDefined": false
      }
    ],
    "isTemplate": false,
    "count": 0,
    "updated": 1541873013
  },
  {
    "id": "35fe7f38-6688-4def-aafa-024058144b33",
    "data": [
      {
        "text": "yeah",
        "userDefined": false
      }
    ],
    "isTemplate": false,
    "count": 0,
    "updated": 1541873013
  },
  {
    "id": "e32ad5a7-cb68-4809-8178-68f306551ee5",
    "data": [
      {
        "text": "Yes",
        "userDefined": false
      }
    ],
    "isTemplate": false,
    "count": 0,
    "updated": 1541873013
  }
]