[
  {
    "id": "0d7f3370-3430-404b-a502-af1d5a1a9c6a",
    "data": [
      {
        "text": "Who made you",
        "userDefined": false
      }
    ],
    "isTemplate": false,
    "count": 0,
    "updated": 1542030465
  },
  {
    "id": "092c0998-f404-4d5e-9b5e-42f744d4781b",
    "data": [
      {
        "text": "Who is your Developer",
        "userDefined": false
      }
    ],
    "isTemplate": false,
    "count": 0,
    "updated": 1542030465
  },
  {
    "id": "76ab9286-2fbc-4df7-a6c1-87bdad03d626",
    "data": [
      {
        "text": "Who created You",
        "userDefined": false
      }
    ],
    "isTemplate": false,
    "count": 0,
    "updated": 1542030465
  }
]